...1,Strain,Promoter,mTurq,Terminator,mTurq_per_OD_at_max_gr,norm_fluo_per_OD_at_max_gr,remove
22,pPGK1-mTurq-tCLN2,pPGK1,mTurq,tCLN2,6884.730460041239,0.9493117670937309,FALSE
23,pPGK1-mTurq-tHSP26,pPGK1,mTurq,tHSP26,6583.8390926345755,0.907822892931712,FALSE
24,pPGK1-mTurq-tPAB1,pPGK1,mTurq,tPAB1,9958.657519649534,1.373164980492663,FALSE
25,pPGK1-mTurq-tPGK1,pPGK1,mTurq,tPGK1,8003.940397852199,1.1036357700418176,FALSE
26,pPGK1-mTurq-tPMA1_long,pPGK1,mTurq,tPMA1,1280.6674568380995,0.17658682406909046,FALSE
27,pPGK1-mTurq-tRPS13,pPGK1,mTurq,tRPS13,6171.679245101378,0.8509915913349784,FALSE
28,pPGK1-mTurq-tRPS3,pPGK1,mTurq,tRPS3,7470.65313658979,1.0301026266172657,FALSE
29,pPGK1-mTurq-tSRO9_long,pPGK1,mTurq,tSRO9,3071.031191318849,0.42345391209598626,FALSE
30,pPGK1-mTurq-tSUN4,pPGK1,mTurq,tSUN4,2703.1336641442213,0.37272578938172857,FALSE
31,pPGK1-mTurq-tTOS6,pPGK1,mTurq,tTOS6,4524.377844765625,0.6238508757521429,FALSE
22,pPGK1-mTurq-tCLN2,pPGK1,mTurq,tCLN2,6125.268565664771,0.84459218261975,FALSE
23,pPGK1-mTurq-tHSP26,pPGK1,mTurq,tHSP26,5478.768450604614,0.755448508772803,FALSE
24,pPGK1-mTurq-tPAB1,pPGK1,mTurq,tPAB1,9692.360505317689,1.3364462025079058,FALSE
25,pPGK1-mTurq-tPGK1,pPGK1,mTurq,tPGK1,7353.903922728167,1.0140044796874705,FALSE
26,pPGK1-mTurq-tPMA1_long,pPGK1,mTurq,tPMA1,1034.6578487321488,0.14266540664417396,FALSE
27,pPGK1-mTurq-tRPS13,pPGK1,mTurq,tRPS13,5897.393048786334,0.8131712125671373,FALSE
28,pPGK1-mTurq-tRPS3,pPGK1,mTurq,tRPS3,6772.64358532666,0.9338564940484193,FALSE
29,pPGK1-mTurq-tSRO9_long,pPGK1,mTurq,tSRO9,2860.6342400840276,0.39444300125102266,FALSE
30,pPGK1-mTurq-tSUN4,pPGK1,mTurq,tSUN4,2520.7070930495224,0.34757161790386343,FALSE
31,pPGK1-mTurq-tTOS6,pPGK1,mTurq,tTOS6,3521.3178701608085,0.48554239112522446,FALSE
22,pPGK1-mTurq-tCLN2,pPGK1,mTurq,tCLN2,6393.903253898508,0.8816332944061823,FALSE
23,pPGK1-mTurq-tHSP26,pPGK1,mTurq,tHSP26,6059.686135558168,0.8355492472461512,FALSE
24,pPGK1-mTurq-tPAB1,pPGK1,mTurq,tPAB1,18003.76370258202,2.4824769588341633,FALSE
25,pPGK1-mTurq-tPGK1,pPGK1,mTurq,tPGK1,7316.184690693483,1.008803504714799,FALSE
26,pPGK1-mTurq-tPMA1_long,pPGK1,mTurq,tPMA1,1081.3572598639046,0.1491046275782435,FALSE
27,pPGK1-mTurq-tRPS13,pPGK1,mTurq,tRPS13,5569.985776430603,0.7680261516118395,FALSE
28,pPGK1-mTurq-tRPS3,pPGK1,mTurq,tRPS3,6563.940148776193,0.9050790961095796,FALSE
29,pPGK1-mTurq-tSRO9_long,pPGK1,mTurq,tSRO9,2757.277333479254,0.38019147343598436,FALSE
30,pPGK1-mTurq-tSUN4,pPGK1,mTurq,tSUN4,2432.9591889217018,0.33547236167156447,FALSE
31,pPGK1-mTurq-tTOS6,pPGK1,mTurq,tTOS6,4117.4618572244335,0.5677426319460223,FALSE
22,pPGK1-mTurq-tCLN2,pPGK1,mTurq,tCLN2,5603.383699241614,0.7726312761414047,FALSE
23,pPGK1-mTurq-tHSP26,pPGK1,mTurq,tHSP26,5148.242290734349,0.7098733951618532,FALSE
24,pPGK1-mTurq-tPAB1,pPGK1,mTurq,tPAB1,8097.605317608857,1.1165509031766525,FALSE
25,pPGK1-mTurq-tPGK1,pPGK1,mTurq,tPGK1,6688.403509734035,0.9222409202093143,FALSE
26,pPGK1-mTurq-tPMA1_long,pPGK1,mTurq,tPMA1,1063.7781248663634,0.14668070120881593,FALSE
27,pPGK1-mTurq-tRPS13,pPGK1,mTurq,tRPS13,5439.600094310259,0.750047719047808,FALSE
28,pPGK1-mTurq-tRPS3,pPGK1,mTurq,tRPS3,5970.393329249874,0.8232369697739584,FALSE
29,pPGK1-mTurq-tSRO9_long,pPGK1,mTurq,tSRO9,2885.987213340442,0.39793883539918806,FALSE
30,pPGK1-mTurq-tSUN4,pPGK1,mTurq,tSUN4,2513.834650290538,0.3466240004455406,FALSE
31,pPGK1-mTurq-tTOS6,pPGK1,mTurq,tTOS6,4013.241128996387,0.5533719947429836,FALSE
22,pPGK1-mTurq-tCLN2,pPGK1,mTurq,tCLN2,12475.923645837987,1.720262135329257,FALSE
23,pPGK1-mTurq-tHSP26,pPGK1,mTurq,tHSP26,5585.40882545993,0.7701527827142453,FALSE
24,pPGK1-mTurq-tPAB1,pPGK1,mTurq,tPAB1,7783.668675579551,1.0732632610343735,FALSE
25,pPGK1-mTurq-tPGK1,pPGK1,mTurq,tPGK1,6945.134323622613,0.9576406477679322,FALSE
26,pPGK1-mTurq-tPMA1_long,pPGK1,mTurq,tPMA1,1088.9984755744124,0.15015824849063622,FALSE
27,pPGK1-mTurq-tRPS13,pPGK1,mTurq,tRPS13,5680.693269535358,0.7832912264785704,FALSE
28,pPGK1-mTurq-tRPS3,pPGK1,mTurq,tRPS3,6385.489142074383,0.8804731015111018,FALSE
29,pPGK1-mTurq-tSRO9_long,pPGK1,mTurq,tSRO9,2615.259864632049,0.360609173868557,FALSE
30,pPGK1-mTurq-tSUN4,pPGK1,mTurq,tSUN4,2425.3510698627097,0.3344233043424402,FALSE
31,pPGK1-mTurq-tTOS6,pPGK1,mTurq,tTOS6,3801.05426230964,0.5241142786221303,FALSE
22,pPGK1-mTurq-tCLN2,pPGK1,mTurq,tCLN2,6321.34535846577,0.8716285361473611,FALSE
23,pPGK1-mTurq-tHSP26,pPGK1,mTurq,tHSP26,6156.4140435368145,0.8488867252757469,FALSE
24,pPGK1-mTurq-tPAB1,pPGK1,mTurq,tPAB1,9185.382764034755,1.2665407881641164,FALSE
25,pPGK1-mTurq-tPGK1,pPGK1,mTurq,tPGK1,7206.465312277155,0.9936746775786662,FALSE
26,pPGK1-mTurq-tPMA1_long,pPGK1,mTurq,tPMA1,1028.0406384241635,0.14175298230931238,FALSE
27,pPGK1-mTurq-tRPS13,pPGK1,mTurq,tRPS13,5846.445947828404,0.8061462923150836,FALSE
28,pPGK1-mTurq-tRPS3,pPGK1,mTurq,tRPS3,7092.561258910867,0.9779688400287614,FALSE
29,pPGK1-mTurq-tSRO9_long,pPGK1,mTurq,tSRO9,3198.9443023313956,0.44109141034730487,FALSE
30,pPGK1-mTurq-tSUN4,pPGK1,mTurq,tSUN4,2554.1370414026587,0.352181158325113,FALSE
31,pPGK1-mTurq-tTOS6,pPGK1,mTurq,tTOS6,4170.227976468973,0.5750183703635887,FALSE
42,pRPS3-mTurq-tCLN2,pRPS3,mTurq,tCLN2,4773.493333890776,1.2041238360820716,FALSE
43,pRPS3-mTurq-tHSP26,pRPS3,mTurq,tHSP26,4272.08933775327,1.077643612684783,FALSE
44,pRPS3-mTurq-tPAB1,pRPS3,mTurq,tPAB1,5765.552070037618,1.4543727601785477,FALSE
45,pRPS3-mTurq-tPGK1,pRPS3,mTurq,tPGK1,4216.861357241348,1.0637122372535162,FALSE
46,pRPS3-mTurq-tPMA1_long,pRPS3,mTurq,tPMA1,791.6036442982818,0.19968370125533835,FALSE
47,pRPS3-mTurq-tRPS13,pRPS3,mTurq,tRPS13,3830.0253675420927,0.9661320369117239,FALSE
48,pRPS3-mTurq-tRPS3,pRPS3,mTurq,tRPS3,5090.185243531098,1.2840100431884807,FALSE
49,pRPS3-mTurq-tSRO9_long,pRPS3,mTurq,tSRO9,2278.6837503182383,0.5748028177122538,FALSE
50,pRPS3-mTurq-tSUN4,pRPS3,mTurq,tSUN4,1003.0498259786712,0.25302144986016817,FALSE
51,pRPS3-mTurq-tTOS6,pRPS3,mTurq,tTOS6,2517.807272951732,0.6351222343806775,FALSE
42,pRPS3-mTurq-tCLN2,pRPS3,mTurq,tCLN2,4881.633573017669,1.231402441175707,FALSE
43,pRPS3-mTurq-tHSP26,pRPS3,mTurq,tHSP26,4411.785263625321,1.112882206808677,FALSE
44,pRPS3-mTurq-tPAB1,pRPS3,mTurq,tPAB1,6284.396563823065,1.5852523861646952,FALSE
45,pRPS3-mTurq-tPGK1,pRPS3,mTurq,tPGK1,4108.312342568911,1.0363305176599606,FALSE
46,pRPS3-mTurq-tPMA1_long,pRPS3,mTurq,tPMA1,756.2082057748908,0.19075512668040465,FALSE
47,pRPS3-mTurq-tRPS13,pRPS3,mTurq,tRPS13,3959.101145162268,0.9986916760736372,FALSE
48,pRPS3-mTurq-tRPS3,pRPS3,mTurq,tRPS3,5365.596340706209,1.3534830776380256,FALSE
49,pRPS3-mTurq-tSRO9_long,pRPS3,mTurq,tSRO9,2489.6179374018743,0.6280114145921784,FALSE
50,pRPS3-mTurq-tSUN4,pRPS3,mTurq,tSUN4,1207.861434818959,0.30468561336909555,FALSE
51,pRPS3-mTurq-tTOS6,pRPS3,mTurq,tTOS6,1526.7448284327704,0.3851246269642317,FALSE
42,pRPS3-mTurq-tCLN2,pRPS3,mTurq,tCLN2,4181.830454827547,1.0548756176867846,FALSE
43,pRPS3-mTurq-tHSP26,pRPS3,mTurq,tHSP26,3875.966679649158,0.9777208305057674,FALSE
44,pRPS3-mTurq-tPAB1,pRPS3,mTurq,tPAB1,5741.50752777961,1.4483074733046786,FALSE
45,pRPS3-mTurq-tPGK1,pRPS3,mTurq,tPGK1,3592.4073910123493,0.9061923974469207,FALSE
46,pRPS3-mTurq-tPMA1_long,pRPS3,mTurq,tPMA1,679.4020298720357,0.17138060561292504,FALSE
47,pRPS3-mTurq-tRPS13,pRPS3,mTurq,tRPS13,3525.7975161609684,0.8893899149845399,FALSE
48,pRPS3-mTurq-tRPS3,pRPS3,mTurq,tRPS3,4624.181974599402,1.166459728447503,FALSE
49,pRPS3-mTurq-tSRO9_long,pRPS3,mTurq,tSRO9,2326.8033137054244,0.5869410798200059,FALSE
50,pRPS3-mTurq-tSUN4,pRPS3,mTurq,tSUN4,971.8883635183852,0.24516090474340702,FALSE
51,pRPS3-mTurq-tTOS6,pRPS3,mTurq,tTOS6,1372.2669422665388,0.3461572519477636,FALSE
42,pRPS3-mTurq-tCLN2,pRPS3,mTurq,tCLN2,4674.201271107292,1.1790772022714615,FALSE
43,pRPS3-mTurq-tHSP26,pRPS3,mTurq,tHSP26,4350.498316161242,1.0974224440897757,FALSE
44,pRPS3-mTurq-tPAB1,pRPS3,mTurq,tPAB1,5449.431973550644,1.3746307941550462,FALSE
45,pRPS3-mTurq-tPGK1,pRPS3,mTurq,tPGK1,3647.9660577089817,0.920207189170915,FALSE
46,pRPS3-mTurq-tPMA1_long,pRPS3,mTurq,tPMA1,765.7112036239735,0.19315227807958557,FALSE
47,pRPS3-mTurq-tRPS13,pRPS3,mTurq,tRPS13,3517.613069956913,0.8873253710394451,FALSE
48,pRPS3-mTurq-tRPS3,pRPS3,mTurq,tRPS3,4850.748680726054,1.2236116614716428,FALSE
49,pRPS3-mTurq-tSRO9_long,pRPS3,mTurq,tSRO9,2372.18257184733,0.5983880941070986,FALSE
50,pRPS3-mTurq-tSUN4,pRPS3,mTurq,tSUN4,1053.9606142345338,0.26586380437177376,FALSE
51,pRPS3-mTurq-tTOS6,pRPS3,mTurq,tTOS6,1535.578762605676,0.387353005629486,FALSE
42,pRPS3-mTurq-tCLN2,pRPS3,mTurq,tCLN2,4929.186376677201,1.2433977369379203,FALSE
43,pRPS3-mTurq-tHSP26,pRPS3,mTurq,tHSP26,4508.67480055955,1.137322798368981,FALSE
44,pRPS3-mTurq-tPAB1,pRPS3,mTurq,tPAB1,5805.093496765304,1.4643471690873144,FALSE
45,pRPS3-mTurq-tPGK1,pRPS3,mTurq,tPGK1,4270.437744845502,1.0772269948645319,FALSE
46,pRPS3-mTurq-tPMA1_long,pRPS3,mTurq,tPMA1,666.2262107147249,0.16805697723481788,FALSE
47,pRPS3-mTurq-tRPS13,pRPS3,mTurq,tRPS13,3671.777675925876,0.9262137204605017,FALSE
48,pRPS3-mTurq-tRPS3,pRPS3,mTurq,tRPS3,5177.082902723264,1.305930162357839,FALSE
49,pRPS3-mTurq-tSRO9_long,pRPS3,mTurq,tSRO9,2344.708833553424,0.5914577852468977,FALSE
50,pRPS3-mTurq-tSUN4,pRPS3,mTurq,tSUN4,1262.3472231936566,0.3184297692567548,FALSE
51,pRPS3-mTurq-tTOS6,pRPS3,mTurq,tTOS6,1679.6424058806615,0.42369336574869504,FALSE
42,pRPS3-mTurq-tCLN2,pRPS3,mTurq,tCLN2,5109.826975448085,1.2889647117988379,FALSE
43,pRPS3-mTurq-tHSP26,pRPS3,mTurq,tHSP26,4608.330413883148,1.1624611385757988,FALSE
44,pRPS3-mTurq-tPAB1,pRPS3,mTurq,tPAB1,8845.574856955789,2.2313150525397676,FALSE
45,pRPS3-mTurq-tPGK1,pRPS3,mTurq,tPGK1,3949.741412428322,0.9963306636041558,FALSE
46,pRPS3-mTurq-tPMA1_long,pRPS3,mTurq,tPMA1,794.3035014208082,0.20036474595108955,FALSE
47,pRPS3-mTurq-tRPS13,pRPS3,mTurq,tRPS13,3843.947890374053,0.96964402287834,FALSE
48,pRPS3-mTurq-tRPS3,pRPS3,mTurq,tRPS3,5239.113785093853,1.3215775842376027,FALSE
49,pRPS3-mTurq-tSRO9_long,pRPS3,mTurq,tSRO9,2537.666912428638,0.6401318706360293,FALSE
50,pRPS3-mTurq-tSUN4,pRPS3,mTurq,tSUN4,1178.986177353111,0.2974017683198569,FALSE
51,pRPS3-mTurq-tTOS6,pRPS3,mTurq,tTOS6,1546.4867592874102,0.39010457096951223,FALSE
32,pRPS13-mTurq-tCLN2,pRPS13,mTurq,tCLN2,4637.937518940849,1.205881883701765,FALSE
33,pRPS13-mTurq-tHSP26,pRPS13,mTurq,tHSP26,4187.097838418904,1.0886618045232386,FALSE
34,pRPS13-mTurq-tPAB1,pRPS13,mTurq,tPAB1,5931.469625349881,1.5422052875283552,FALSE
35,pRPS13-mTurq-tPGK1,pRPS13,mTurq,tPGK1,3583.610493637775,0.9317527359679049,FALSE
36,pRPS13-mTurq-tPMA1_long,pRPS13,mTurq,tPMA1,919.785650423291,0.23914786436958838,FALSE
37,pRPS13-mTurq-tRPS13,pRPS13,mTurq,tRPS13,3918.9695353233537,1.0189473976580814,FALSE
38,pRPS13-mTurq-tRPS3,pRPS13,mTurq,tRPS3,4338.571462540564,1.1280455388752,FALSE
39,pRPS13-mTurq-tSRO9_long,pRPS13,mTurq,tSRO9,2459.4988440562274,0.6394793131473971,FALSE
40,pRPS13-mTurq-tSUN4,pRPS13,mTurq,tSUN4,1027.9518696402447,0.2672715041662766,FALSE
41,pRPS13-mTurq-tTOS6,pRPS13,mTurq,tTOS6,2043.8658586815247,0.5314131123231366,FALSE
32,pRPS13-mTurq-tCLN2,pRPS13,mTurq,tCLN2,4756.958004016287,1.23682767504883,FALSE
33,pRPS13-mTurq-tHSP26,pRPS13,mTurq,tHSP26,4538.487258935194,1.180024427368969,FALSE
34,pRPS13-mTurq-tPAB1,pRPS13,mTurq,tPAB1,6015.943464753335,1.5641688159647236,FALSE
35,pRPS13-mTurq-tPGK1,pRPS13,mTurq,tPGK1,3842.465489935363,0.9990560468180762,FALSE
36,pRPS13-mTurq-tPMA1_long,pRPS13,mTurq,tPMA1,957.3679365620457,0.24891940566736112,FALSE
37,pRPS13-mTurq-tRPS13,pRPS13,mTurq,tRPS13,4192.443092524979,1.0900515914843554,FALSE
38,pRPS13-mTurq-tRPS3,pRPS13,mTurq,tRPS3,4826.224471626575,1.2548372273763775,FALSE
39,pRPS13-mTurq-tSRO9_long,pRPS13,mTurq,tSRO9,2435.7294133797773,0.6332991682615338,FALSE
40,pRPS13-mTurq-tSUN4,pRPS13,mTurq,tSUN4,1233.75045279112,0.3207799402113153,FALSE
41,pRPS13-mTurq-tTOS6,pRPS13,mTurq,tTOS6,1889.7426212434168,0.4913404681520864,FALSE
32,pRPS13-mTurq-tCLN2,pRPS13,mTurq,tCLN2,4467.8516568157,1.161658894717353,FALSE
33,pRPS13-mTurq-tHSP26,pRPS13,mTurq,tHSP26,4330.392448910909,1.1259189633613487,FALSE
34,pRPS13-mTurq-tPAB1,pRPS13,mTurq,tPAB1,5345.728964281867,1.389910426106695,FALSE
35,pRPS13-mTurq-tPGK1,pRPS13,mTurq,tPGK1,3419.236555580783,0.8890148695679907,FALSE
36,pRPS13-mTurq-tPMA1_long,pRPS13,mTurq,tPMA1,908.1459883700106,0.23612150673860693,FALSE
37,pRPS13-mTurq-tRPS13,pRPS13,mTurq,tRPS13,3771.5100281685463,0.9806073494078883,FALSE
38,pRPS13-mTurq-tRPS3,pRPS13,mTurq,tRPS3,4311.252031582051,1.1209423800397538,FALSE
39,pRPS13-mTurq-tSRO9_long,pRPS13,mTurq,tSRO9,2263.8088843995447,0.5885991587234513,FALSE
40,pRPS13-mTurq-tSUN4,pRPS13,mTurq,tSUN4,1010.5832033739276,0.2627555830463653,FALSE
41,pRPS13-mTurq-tTOS6,pRPS13,mTurq,tTOS6,3306.873985416817,0.8598001621223765,FALSE
32,pRPS13-mTurq-tCLN2,pRPS13,mTurq,tCLN2,4638.564418867413,1.2060448801330992,FALSE
33,pRPS13-mTurq-tHSP26,pRPS13,mTurq,tHSP26,4636.7877750738,1.2055829458022118,FALSE
34,pRPS13-mTurq-tPAB1,pRPS13,mTurq,tPAB1,5454.956870021136,1.418310108549107,FALSE
35,pRPS13-mTurq-tPGK1,pRPS13,mTurq,tPGK1,4240.555873946222,1.1025611027171909,FALSE
36,pRPS13-mTurq-tPMA1_long,pRPS13,mTurq,tPMA1,922.1422825555368,0.2397605979355795,FALSE
37,pRPS13-mTurq-tRPS13,pRPS13,mTurq,tRPS13,4074.782074655757,1.0594592669247942,FALSE
38,pRPS13-mTurq-tRPS3,pRPS13,mTurq,tRPS3,4556.33020662119,1.1846636635118688,FALSE
39,pRPS13-mTurq-tSRO9_long,pRPS13,mTurq,tSRO9,3564.9091092231683,0.9268903029201075,FALSE
40,pRPS13-mTurq-tSUN4,pRPS13,mTurq,tSUN4,1234.607545868562,0.3210027877616569,FALSE
41,pRPS13-mTurq-tTOS6,pRPS13,mTurq,tTOS6,1943.0619450520785,0.5052037007569914,FALSE
32,pRPS13-mTurq-tCLN2,pRPS13,mTurq,tCLN2,4937.530150114146,1.2837771388549493,FALSE
33,pRPS13-mTurq-tHSP26,pRPS13,mTurq,tHSP26,4269.445133150326,1.1100724230326378,FALSE
34,pRPS13-mTurq-tPAB1,pRPS13,mTurq,tPAB1,5873.889091838086,1.5272341237444123,FALSE
35,pRPS13-mTurq-tPGK1,pRPS13,mTurq,tPGK1,3785.556927074662,0.984259598030018,FALSE
36,pRPS13-mTurq-tPMA1_long,pRPS13,mTurq,tPMA1,914.0761776077384,0.23766337912034877,FALSE
37,pRPS13-mTurq-tRPS13,pRPS13,mTurq,tRPS13,3876.90766013122,1.0080111456966057,FALSE
38,pRPS13-mTurq-tRPS3,pRPS13,mTurq,tRPS3,4601.385934558856,1.196378328889559,FALSE
39,pRPS13-mTurq-tSRO9_long,pRPS13,mTurq,tSRO9,2330.771650741789,0.6060097397165964,FALSE
40,pRPS13-mTurq-tSUN4,pRPS13,mTurq,tSUN4,1353.3613368443296,0.3518792376003531,FALSE
41,pRPS13-mTurq-tTOS6,pRPS13,mTurq,tTOS6,1903.9980153433617,0.4950469263395779,FALSE
32,pRPS13-mTurq-tCLN2,pRPS13,mTurq,tCLN2,4705.839842931167,1.223536753355954,FALSE
33,pRPS13-mTurq-tHSP26,pRPS13,mTurq,tHSP26,4419.312147251479,1.1490384324993475,FALSE
34,pRPS13-mTurq-tPAB1,pRPS13,mTurq,tPAB1,6015.304216657292,1.5640026089610584,FALSE
35,pRPS13-mTurq-tPGK1,pRPS13,mTurq,tPGK1,4205.150806919328,1.0933556468988193,FALSE
36,pRPS13-mTurq-tPMA1_long,pRPS13,mTurq,tPMA1,966.5527513718578,0.2513074934195302,FALSE
37,pRPS13-mTurq-tRPS13,pRPS13,mTurq,tRPS13,4187.455739682391,1.0887548602507102,FALSE
38,pRPS13-mTurq-tRPS3,pRPS13,mTurq,tRPS3,5039.4861615387335,1.3102861003511528,FALSE
39,pRPS13-mTurq-tSRO9_long,pRPS13,mTurq,tSRO9,2564.2805345140355,0.6667229622372564,FALSE
40,pRPS13-mTurq-tSUN4,pRPS13,mTurq,tSUN4,1156.0771381424734,0.3005845747930981,FALSE
41,pRPS13-mTurq-tTOS6,pRPS13,mTurq,tTOS6,1655.6075478830744,0.4304644338908707,FALSE
12,pHSP26-mTurq-tCLN2,pHSP26,mTurq,tCLN2,9460.34479346752,1.175250203847189,FALSE
13,pHSP26-mTurq-tHSP26,pHSP26,mTurq,tHSP26,8876.734541372596,1.1027488222680015,FALSE
14,pHSP26-mTurq-tPAB1,pHSP26,mTurq,tPAB1,11215.69174934069,1.393315392035361,FALSE
15,pHSP26-mTurq-tPGK1,pHSP26,mTurq,tPGK1,12799.488866372534,1.5900690966074769,FALSE
16,pHSP26-mTurq-tPMA1_long,pHSP26,mTurq,tPMA1,3541.453988308426,0.4399516732782185,FALSE
17,pHSP26-mTurq-tRPS13,pHSP26,mTurq,tRPS13,10531.339096238406,1.3082988717477289,FALSE
18,pHSP26-mTurq-tRPS3,pHSP26,mTurq,tRPS3,8652.540726969191,1.0748974244774243,FALSE
19,pHSP26-mTurq-tSRO9_long,pHSP26,mTurq,tSRO9,5499.19193111102,0.6831597134277568,FALSE
20,pHSP26-mTurq-tSUN4,pHSP26,mTurq,tSUN4,4602.50712450018,0.5717653589129248,FALSE
21,pHSP26-mTurq-tTOS6,pHSP26,mTurq,tTOS6,6909.049161039816,0.8583050208179679,FALSE
12,pHSP26-mTurq-tCLN2,pHSP26,mTurq,tCLN2,6104.5020637300095,0.7583568518283003,FALSE
13,pHSP26-mTurq-tHSP26,pHSP26,mTurq,tHSP26,5204.654912344818,0.6465696420400262,FALSE
14,pHSP26-mTurq-tPAB1,pHSP26,mTurq,tPAB1,7154.572881271301,0.8888062138030927,FALSE
15,pHSP26-mTurq-tPGK1,pHSP26,mTurq,tPGK1,7064.48422425651,0.8776145802175956,FALSE
16,pHSP26-mTurq-tPMA1_long,pHSP26,mTurq,tPMA1,2773.128508549177,0.3445032835607992,FALSE
17,pHSP26-mTurq-tRPS13,pHSP26,mTurq,tRPS13,5705.483998833036,0.7087871931798446,FALSE
18,pHSP26-mTurq-tRPS3,pHSP26,mTurq,tRPS3,6849.448548072029,0.8509008897773976,FALSE
19,pHSP26-mTurq-tSRO9_long,pHSP26,mTurq,tSRO9,2252.384029883193,0.27981166099677884,FALSE
20,pHSP26-mTurq-tSUN4,pHSP26,mTurq,tSUN4,2627.812989699721,0.3264508661406741,FALSE
21,pHSP26-mTurq-tTOS6,pHSP26,mTurq,tTOS6,3715.662715153895,0.4615934681817691,FALSE
12,pHSP26-mTurq-tCLN2,pHSP26,mTurq,tCLN2,8834.054153809055,1.0974466757522672,FALSE
13,pHSP26-mTurq-tHSP26,pHSP26,mTurq,tHSP26,6778.495835288597,0.8420864974922646,FALSE
14,pHSP26-mTurq-tPAB1,pHSP26,mTurq,tPAB1,10378.461047965517,1.2893069680360865,FALSE
15,pHSP26-mTurq-tPGK1,pHSP26,mTurq,tPGK1,9444.81723088225,1.173321228583392,FALSE
16,pHSP26-mTurq-tPMA1_long,pHSP26,mTurq,tPMA1,2864.882480897877,0.35590179778631237,FALSE
17,pHSP26-mTurq-tRPS13,pHSP26,mTurq,tRPS13,4801.153043968762,0.5964429644807546,FALSE
18,pHSP26-mTurq-tRPS3,pHSP26,mTurq,tRPS3,7506.377184419779,0.9325105489003784,FALSE
19,pHSP26-mTurq-tSRO9_long,pHSP26,mTurq,tSRO9,7966.482210189374,0.9896689862651792,FALSE
20,pHSP26-mTurq-tSUN4,pHSP26,mTurq,tSUN4,3220.260633330188,0.4000501089955728,FALSE
21,pHSP26-mTurq-tTOS6,pHSP26,mTurq,tTOS6,7482.423221244693,0.9295347693998356,FALSE
12,pHSP26-mTurq-tCLN2,pHSP26,mTurq,tCLN2,4849.228072772143,0.6024152824707021,FALSE
13,pHSP26-mTurq-tHSP26,pHSP26,mTurq,tHSP26,3663.2797567176062,0.45508597993219946,FALSE
14,pHSP26-mTurq-tPAB1,pHSP26,mTurq,tPAB1,5196.424532595896,0.6455471892976761,FALSE
15,pHSP26-mTurq-tPGK1,pHSP26,mTurq,tPGK1,4845.61373238376,0.6019662761848897,FALSE
16,pHSP26-mTurq-tPMA1_long,pHSP26,mTurq,tPMA1,2224.563665152632,0.2763555618762403,FALSE
17,pHSP26-mTurq-tRPS13,pHSP26,mTurq,tRPS13,5323.454826327789,0.6613280494948924,FALSE
18,pHSP26-mTurq-tRPS3,pHSP26,mTurq,tRPS3,6294.7287240329315,0.7819885403321434,FALSE
19,pHSP26-mTurq-tSRO9_long,pHSP26,mTurq,tSRO9,2887.2503821282576,0.35868054222475937,FALSE
20,pHSP26-mTurq-tSUN4,pHSP26,mTurq,tSUN4,3029.2424597999284,0.37632009150879253,FALSE
21,pHSP26-mTurq-tTOS6,pHSP26,mTurq,tTOS6,4261.874350728856,0.5294488529555296,FALSE
12,pHSP26-mTurq-tCLN2,pHSP26,mTurq,tCLN2,5053.475526555016,0.6277887616550277,FALSE
13,pHSP26-mTurq-tHSP26,pHSP26,mTurq,tHSP26,2162.33710108691,0.2686252112706843,FALSE
14,pHSP26-mTurq-tPAB1,pHSP26,mTurq,tPAB1,8433.389217040327,1.0476724276786644,FALSE
15,pHSP26-mTurq-tPGK1,pHSP26,mTurq,tPGK1,6053.735663620203,0.7520501871791602,FALSE
16,pHSP26-mTurq-tPMA1_long,pHSP26,mTurq,tPMA1,2192.8883537321676,0.2724205661634488,FALSE
17,pHSP26-mTurq-tRPS13,pHSP26,mTurq,tRPS13,5121.335975332962,0.6362190047381883,FALSE
18,pHSP26-mTurq-tRPS3,pHSP26,mTurq,tRPS3,6210.178040800704,0.7714848842949228,FALSE
19,pHSP26-mTurq-tSRO9_long,pHSP26,mTurq,tSRO9,3030.8204123063415,0.3765161191425954,FALSE
20,pHSP26-mTurq-tSUN4,pHSP26,mTurq,tSUN4,2769.1290895144252,0.344006439297881,FALSE
21,pHSP26-mTurq-tTOS6,pHSP26,mTurq,tTOS6,3596.573232885554,0.44679908791683753,FALSE
12,pHSP26-mTurq-tCLN2,pHSP26,mTurq,tCLN2,8298.145587845562,1.030871232135566,FALSE
13,pHSP26-mTurq-tHSP26,pHSP26,mTurq,tHSP26,9039.573034032464,1.1229781031103685,FALSE
14,pHSP26-mTurq-tPAB1,pHSP26,mTurq,tPAB1,9205.759044475655,1.1436232431040794,FALSE
15,pHSP26-mTurq-tPGK1,pHSP26,mTurq,tPGK1,8089.719389417143,1.0049786312274853,FALSE
16,pHSP26-mTurq-tPMA1_long,pHSP26,mTurq,tPMA1,2408.840268721466,0.2992480801339347,FALSE
17,pHSP26-mTurq-tRPS13,pHSP26,mTurq,tRPS13,6935.013822062835,0.8615305875204835,FALSE
18,pHSP26-mTurq-tRPS3,pHSP26,mTurq,tRPS3,7970.054804484,0.990112806470963,FALSE
19,pHSP26-mTurq-tSRO9_long,pHSP26,mTurq,tSRO9,2961.37347921324,0.3678887885266344,FALSE
20,pHSP26-mTurq-tSUN4,pHSP26,mTurq,tSUN4,3463.7304931520157,0.43029615273214267,FALSE
21,pHSP26-mTurq-tTOS6,pHSP26,mTurq,tTOS6,4311.116278032633,0.5355661337063911,FALSE
2,pCLN2-mTurq-tCLN2,pCLN2,mTurq,tCLN2,87.91411497893606,0.862517798439069,FALSE
3,pCLN2-mTurq-tHSP26,pCLN2,mTurq,tHSP26,154.93293525021951,1.5200336629645883,FALSE
4,pCLN2-mTurq-tPAB1,pCLN2,mTurq,tPAB1,161.28983846816135,1.582400692078663,FALSE
5,pCLN2-mTurq-tPGK1,pCLN2,mTurq,tPGK1,84.89224389880852,0.8328704819436143,FALSE
6,pCLN2-mTurq-tPMA1_long,pCLN2,mTurq,tPMA1,-11.946506694573465,-0.11720614665472008,FALSE
7,pCLN2-mTurq-tRPS13,pCLN2,mTurq,tRPS13,71.544140470876,0.7019133906419979,FALSE
8,pCLN2-mTurq-tRPS3,pCLN2,mTurq,tRPS3,140.47740858421218,1.378211737802409,FALSE
9,pCLN2-mTurq-tSRO9_long,pCLN2,mTurq,tSRO9,50.0730389720925,0.49126226597072425,FALSE
10,pCLN2-mTurq-tSUN4,pCLN2,mTurq,tSUN4,23.30353782616337,0.228628999410161,FALSE
11,pCLN2-mTurq-tTOS6,pCLN2,mTurq,tTOS6,52.41377908192174,0.5142270652720842,FALSE
2,pCLN2-mTurq-tCLN2,pCLN2,mTurq,tCLN2,101.2279812586111,0.9931389920324852,FALSE
3,pCLN2-mTurq-tHSP26,pCLN2,mTurq,tHSP26,159.0905282605142,1.5608234493476305,FALSE
4,pCLN2-mTurq-tPAB1,pCLN2,mTurq,tPAB1,147.15684861982115,1.4437431478120482,FALSE
5,pCLN2-mTurq-tPGK1,pCLN2,mTurq,tPGK1,105.32636537850462,1.0333478850992603,FALSE
6,pCLN2-mTurq-tPMA1_long,pCLN2,mTurq,tPMA1,23.30479046739862,0.2286412889652651,FALSE
7,pCLN2-mTurq-tRPS13,pCLN2,mTurq,tRPS13,67.57138575645403,0.6629370368353007,FALSE
8,pCLN2-mTurq-tRPS3,pCLN2,mTurq,tRPS3,142.82508662211657,1.4012446045176368,FALSE
9,pCLN2-mTurq-tSRO9_long,pCLN2,mTurq,tSRO9,20.63547639967101,0.202452878906306,FALSE
10,pCLN2-mTurq-tSUN4,pCLN2,mTurq,tSUN4,22.30300241871118,0.2188128328355129,FALSE
11,pCLN2-mTurq-tTOS6,pCLN2,mTurq,tTOS6,23.773149002715396,0.23323631415386376,FALSE
2,pCLN2-mTurq-tCLN2,pCLN2,mTurq,tCLN2,85.45529101296962,0.8383944886112589,FALSE
3,pCLN2-mTurq-tHSP26,pCLN2,mTurq,tHSP26,174.22172685595808,1.709274333524916,FALSE
4,pCLN2-mTurq-tPAB1,pCLN2,mTurq,tPAB1,171.44681613991244,1.6820499238582531,FALSE
5,pCLN2-mTurq-tPGK1,pCLN2,mTurq,tPGK1,100.86096806312676,0.9895382572307634,FALSE
6,pCLN2-mTurq-tPMA1_long,pCLN2,mTurq,tPMA1,32.876714771417966,0.3225506126217255,FALSE
7,pCLN2-mTurq-tRPS13,pCLN2,mTurq,tRPS13,105.27558272837838,1.0328496608994684,FALSE
8,pCLN2-mTurq-tRPS3,pCLN2,mTurq,tRPS3,148.5945905165878,1.457848709539194,FALSE
9,pCLN2-mTurq-tSRO9_long,pCLN2,mTurq,tSRO9,70.98280585918675,0.6964061851883814,FALSE
10,pCLN2-mTurq-tSUN4,pCLN2,mTurq,tSUN4,29.359884931702055,0.2880472984319237,FALSE
11,pCLN2-mTurq-tTOS6,pCLN2,mTurq,tTOS6,63.60919609030436,0.6240643358058442,FALSE
2,pCLN2-mTurq-tCLN2,pCLN2,mTurq,tCLN2,108.34041945381148,1.0629185096347271,FALSE
3,pCLN2-mTurq-tHSP26,pCLN2,mTurq,tHSP26,143.3975463741435,1.4068609577634328,FALSE
4,pCLN2-mTurq-tPAB1,pCLN2,mTurq,tPAB1,156.75592860169982,1.537918893481492,FALSE
5,pCLN2-mTurq-tPGK1,pCLN2,mTurq,tPGK1,123.0365636194888,1.207101112330099,FALSE
6,pCLN2-mTurq-tPMA1_long,pCLN2,mTurq,tPMA1,45.44916586512512,0.4458978457813306,FALSE
7,pCLN2-mTurq-tRPS13,pCLN2,mTurq,tRPS13,124.6839703656596,1.2232636778087067,FALSE
8,pCLN2-mTurq-tRPS3,pCLN2,mTurq,tRPS3,129.17703976838123,1.2673447941390925,FALSE
9,pCLN2-mTurq-tSRO9_long,pCLN2,mTurq,tSRO9,56.67410910989763,0.5560247956733291,FALSE
10,pCLN2-mTurq-tSUN4,pCLN2,mTurq,tSUN4,38.26405993807273,0.3754053913303294,FALSE
11,pCLN2-mTurq-tTOS6,pCLN2,mTurq,tTOS6,93.8167518221169,0.9204280593361444,FALSE
2,pCLN2-mTurq-tCLN2,pCLN2,mTurq,tCLN2,75.96906616885786,0.7453259549633724,FALSE
3,pCLN2-mTurq-tHSP26,pCLN2,mTurq,tHSP26,125.26298824468142,1.2289443722727347,FALSE
4,pCLN2-mTurq-tPAB1,pCLN2,mTurq,tPAB1,166.9947495380429,1.6383710824700566,FALSE
5,pCLN2-mTurq-tPGK1,pCLN2,mTurq,tPGK1,74.20789047532561,0.7280472121561019,FALSE
6,pCLN2-mTurq-tPMA1_long,pCLN2,mTurq,tPMA1,-6.531981861334382,-0.06408471058182112,FALSE
7,pCLN2-mTurq-tRPS13,pCLN2,mTurq,tRPS13,79.31445273314911,0.7781472539669678,FALSE
8,pCLN2-mTurq-tRPS3,pCLN2,mTurq,tRPS3,147.91125667356312,1.4511445801508043,FALSE
9,pCLN2-mTurq-tSRO9_long,pCLN2,mTurq,tSRO9,75.01275211755784,0.7359436402993247,FALSE
10,pCLN2-mTurq-tSUN4,pCLN2,mTurq,tSUN4,31.562382033279505,0.3096558075043994,FALSE
11,pCLN2-mTurq-tTOS6,pCLN2,mTurq,tTOS6,75.85853989864748,0.74424159126052,FALSE
2,pCLN2-mTurq-tCLN2,pCLN2,mTurq,tCLN2,109.500923469443,1.0743041144250616,FALSE
3,pCLN2-mTurq-tHSP26,pCLN2,mTurq,tHSP26,178.46813429768892,1.7509354706334965,FALSE
4,pCLN2-mTurq-tPAB1,pCLN2,mTurq,tPAB1,140.68892835497127,1.3802869400272755,FALSE
5,pCLN2-mTurq-tPGK1,pCLN2,mTurq,tPGK1,123.23980043954909,1.2090950512401608,FALSE
6,pCLN2-mTurq-tPMA1_long,pCLN2,mTurq,tPMA1,29.760364497199888,0.29197636890298273,FALSE
7,pCLN2-mTurq-tRPS13,pCLN2,mTurq,tRPS13,103.5704476078205,1.0161207273194957,FALSE
8,pCLN2-mTurq-tRPS3,pCLN2,mTurq,tRPS3,191.2889721451492,1.8767196048079147,FALSE
9,pCLN2-mTurq-tSRO9_long,pCLN2,mTurq,tSRO9,17.08193331054113,0.16758937419345035,FALSE
10,pCLN2-mTurq-tSUN4,pCLN2,mTurq,tSUN4,49.31544467080197,0.48382957363212026,FALSE
11,pCLN2-mTurq-tTOS6,pCLN2,mTurq,tTOS6,58.94244351319961,0.5782792288337879,FALSE
52,pSRO9-mTurq-tCLN2,pSRO9,mTurq,tCLN2,715.6410068400272,1.259454164283743,FALSE
53,pSRO9-mTurq-tHSP26,pSRO9,mTurq,tHSP26,748.6928108002322,1.3176219212134062,FALSE
54,pSRO9-mTurq-tPAB1,pSRO9,mTurq,tPAB1,869.7289120825703,1.5306329425658838,FALSE
55,pSRO9-mTurq-tPGK1,pSRO9,mTurq,tPGK1,587.3612268506395,1.0336950175092596,FALSE
56,pSRO9-mTurq-tPMA1_long,pSRO9,mTurq,tPMA1,96.02566927535162,0.16899524746492023,FALSE
57,pSRO9-mTurq-tRPS13,pSRO9,mTurq,tRPS13,660.0513782663273,1.1616221667752724,FALSE
58,pSRO9-mTurq-tRPS3,pSRO9,mTurq,tRPS3,820.3734456050902,1.443772425643152,FALSE
59,pSRO9-mTurq-tSRO9_long,pSRO9,mTurq,tSRO9,270.91392112898467,0.47678048472229195,FALSE
60,pSRO9-mTurq-tSUN4,pSRO9,mTurq,tSUN4,162.2603999571369,0.28556152382425426,FALSE
61,pSRO9-mTurq-tTOS6,pSRO9,mTurq,tTOS6,317.6814309710656,0.5590864655993163,FALSE
52,pSRO9-mTurq-tCLN2,pSRO9,mTurq,tCLN2,684.8645739221029,1.2052908250818242,FALSE
53,pSRO9-mTurq-tHSP26,pSRO9,mTurq,tHSP26,782.271771926435,1.3767174202394585,FALSE
54,pSRO9-mTurq-tPAB1,pSRO9,mTurq,tPAB1,961.2692675797924,1.6917345016283907,FALSE
55,pSRO9-mTurq-tPGK1,pSRO9,mTurq,tPGK1,557.6623446656938,0.9814280561628658,FALSE
56,pSRO9-mTurq-tPMA1_long,pSRO9,mTurq,tPMA1,93.32683250368434,0.16424557384601,FALSE
57,pSRO9-mTurq-tRPS13,pSRO9,mTurq,tRPS13,701.6472067728594,1.234826523329277,FALSE
58,pSRO9-mTurq-tRPS3,pSRO9,mTurq,tRPS3,928.1136993610417,1.63338413033443,FALSE
59,pSRO9-mTurq-tSRO9_long,pSRO9,mTurq,tSRO9,310.4015605931734,0.5462746465793761,FALSE
60,pSRO9-mTurq-tSUN4,pSRO9,mTurq,tSUN4,157.9801568694213,0.27802873862965855,FALSE
61,pSRO9-mTurq-tTOS6,pSRO9,mTurq,tTOS6,293.35739776817985,0.5162786826232934,FALSE
52,pSRO9-mTurq-tCLN2,pSRO9,mTurq,tCLN2,664.4529517411547,1.169368480903847,FALSE
53,pSRO9-mTurq-tHSP26,pSRO9,mTurq,tHSP26,655.8791920301296,1.154279550464688,FALSE
54,pSRO9-mTurq-tPAB1,pSRO9,mTurq,tPAB1,850.8146950640679,1.4973458766202001,FALSE
55,pSRO9-mTurq-tPGK1,pSRO9,mTurq,tPGK1,493.24983438296226,0.8680686992616058,FALSE
56,pSRO9-mTurq-tPMA1_long,pSRO9,mTurq,tPMA1,106.91207095403897,0.18815418860613575,FALSE
57,pSRO9-mTurq-tRPS13,pSRO9,mTurq,tRPS13,953.7371165189172,1.6784786946959156,FALSE
58,pSRO9-mTurq-tRPS3,pSRO9,mTurq,tRPS3,803.4965664722091,1.4140708636856048,FALSE
59,pSRO9-mTurq-tSRO9_long,pSRO9,mTurq,tSRO9,301.43171776942535,0.5304886508226162,FALSE
60,pSRO9-mTurq-tSUN4,pSRO9,mTurq,tSUN4,160.12494843014346,0.28180334997368955,FALSE
61,pSRO9-mTurq-tTOS6,pSRO9,mTurq,tTOS6,274.36974698148157,0.4828623808397116,FALSE
52,pSRO9-mTurq-tCLN2,pSRO9,mTurq,tCLN2,672.9122035287212,1.1842558892395139,FALSE
53,pSRO9-mTurq-tHSP26,pSRO9,mTurq,tHSP26,777.6985816366555,1.3686690782642588,FALSE
54,pSRO9-mTurq-tPAB1,pSRO9,mTurq,tPAB1,843.8643588241762,1.4851140036044876,FALSE
55,pSRO9-mTurq-tPGK1,pSRO9,mTurq,tPGK1,544.4126170884858,0.958109905842743,FALSE
56,pSRO9-mTurq-tPMA1_long,pSRO9,mTurq,tPMA1,144.78971511709796,0.25481492523031074,FALSE
57,pSRO9-mTurq-tRPS13,pSRO9,mTurq,tRPS13,676.2708423890186,1.19016674630122,FALSE
58,pSRO9-mTurq-tRPS3,pSRO9,mTurq,tRPS3,833.2662206969829,1.4664623765032314,FALSE
59,pSRO9-mTurq-tSRO9_long,pSRO9,mTurq,tSRO9,272.81228859796994,0.480121415148724,FALSE
60,pSRO9-mTurq-tSUN4,pSRO9,mTurq,tSUN4,180.922202875938,0.31840436705777586,FALSE
61,pSRO9-mTurq-tTOS6,pSRO9,mTurq,tTOS6,287.1208001470831,0.5053029157656401,FALSE
52,pSRO9-mTurq-tCLN2,pSRO9,mTurq,tCLN2,761.3895804277464,1.3399669227260131,FALSE
53,pSRO9-mTurq-tHSP26,pSRO9,mTurq,tHSP26,758.3517654332553,1.3346206824902427,FALSE
54,pSRO9-mTurq-tPAB1,pSRO9,mTurq,tPAB1,972.9717738019342,1.7123297023689312,FALSE
55,pSRO9-mTurq-tPGK1,pSRO9,mTurq,tPGK1,633.1910202158249,1.1143507143605567,FALSE
56,pSRO9-mTurq-tPMA1_long,pSRO9,mTurq,tPMA1,155.20444475390858,0.27314377235561604,FALSE
57,pSRO9-mTurq-tRPS13,pSRO9,mTurq,tRPS13,571.9488273921801,1.0065707883300612,FALSE
58,pSRO9-mTurq-tRPS3,pSRO9,mTurq,tRPS3,830.2596771562208,1.461171170792098,FALSE
59,pSRO9-mTurq-tSRO9_long,pSRO9,mTurq,tSRO9,300.2888751692598,0.5284773660329771,FALSE
60,pSRO9-mTurq-tSUN4,pSRO9,mTurq,tSUN4,226.54609860609412,0.3986977053642504,FALSE
61,pSRO9-mTurq-tTOS6,pSRO9,mTurq,tTOS6,324.3214210798901,0.5707721615186829,FALSE
52,pSRO9-mTurq-tCLN2,pSRO9,mTurq,tCLN2,777.9270458335508,1.3690711516242526,FALSE
53,pSRO9-mTurq-tHSP26,pSRO9,mTurq,tHSP26,786.2558628406764,1.383729008235209,FALSE
54,pSRO9-mTurq-tPAB1,pSRO9,mTurq,tPAB1,907.6024676687216,1.5972864837175198,FALSE
55,pSRO9-mTurq-tPGK1,pSRO9,mTurq,tPGK1,593.4141900999035,1.0443476068629691,FALSE
56,pSRO9-mTurq-tPMA1_long,pSRO9,mTurq,tPMA1,175.51393784537245,0.3088863798977436,FALSE
57,pSRO9-mTurq-tRPS13,pSRO9,mTurq,tRPS13,1080.1019916662904,1.9008678069776417,FALSE
58,pSRO9-mTurq-tRPS3,pSRO9,mTurq,tRPS3,903.0823350216514,1.5893315177065515,FALSE
59,pSRO9-mTurq-tSRO9_long,pSRO9,mTurq,tSRO9,317.95421392145715,0.5595665353822558,FALSE
60,pSRO9-mTurq-tSUN4,pSRO9,mTurq,tSUN4,157.78273873230273,0.2776813031242548,FALSE
61,pSRO9-mTurq-tTOS6,pSRO9,mTurq,tTOS6,322.40448851071613,0.5673985584358219,FALSE
